kb,ClientError
kb.e,modewhat
kb.d,message
kb.c,cause
vb,GameShell
vb.c,graphics
vb.gb,CP1252
vb.n,timesRoman15
vb.Sb,helveticaBold13
vb.h,helvetica12
client,Client
client.Jj,QUEST_NAMES
client.dh,host
client.yd,referid
wa,Packet
wa.i,index
wa.k,array
wa.c(II)V,p3
wa.d(II)V,p1
wa.a(IZ)V,p4
wa.a(IB)V,p2
wa.a(Z)I,g1
wa.a(ILjava/lang/String;)V,pstr
wa.b(I)Ljava/lang/String;,gstr
wa.d(I)B,g1s
wa.c(B)I,g4s
wa.d(B)J,g8s
a,Node
a.c,next
a.b,prev
a.a(I)V,remove
a.e,loaderApplet
lb.c,userHome
na,Frame
nb,Player
d.b,robot
da,SocketProvider
da.p,proxySelector
g.b,graphicsDevice
g.a,displayMode
ga.y,format
ga.w,line
wb,IOException
cb,AbstractSocketProvider
cb.c,host
cb.a,port
h.j,microsoftVm
h.n,javaVendor
h.k,javaVersion
h.s,osName
h.g,osNameLowerCase
h.m,userHome
h.c,systemEventQueue
h.w,microSoftMouse
h.x,microSoftDisplay
h.l,javaMouse
h.t,javaDisplay
h.i,setFocusTraversalKeysEnabled
h.p,setFocusCycleRoot
m.k,frame
m,ModeWhere
oa,ModeWhat
w.S,nodeid
j.d,modewhere
ta.r,stereo
ta.d,sampleRate
ga,DevicePcmPlayer
ta,PcmPlayer
pb,PcmStream
w,PacketBit
w.X,bitIndex
mb.N,socket
mb.T,input
mb.L,output
n,MicroSoftDisplay
n.a(IILjava/awt/Frame;BII)V,enter
n.a(ILjava/awt/Frame;)V,exit
n.a(I)[I,listmodes
u,MicroSoftMouse
u.a(IBI)V,movemouse
u.a(ZLjava/awt/Component;I)V,showcursor
d,JavaMouse
d.a,component
g,JavaDisplay
b.i,file
ba,Bzip2State
ea,Bzip2Decompressor
pa,NodeList
pa.g,sentinel
pa.a,next
pa.a(BLa;)V,add
pa.a(B)La;,first
pa.a(I)La;,next
ja.r,calendar
ca,AbstractSound